{"cameraMode":{"drawMode":0,"name":"Shaded","section":"Shading Mode"},"sceneLighting":true,"audioPlay":false,"sceneViewState":{"showFog":false,"showMaterialUpdate":false,"showSkybox":false,"showFlares":false,"showImageEffects":false,"showParticleSystems":false},"in2DMode":false,"pivot":{"x":-5.3052978515625,"y":3.739039659500122,"z":2.640798807144165},"rotation":{"x":-0.0019345447653904558,"y":-0.9977967739105225,"z":0.03474113345146179,"w":-0.0575372576713562},"size":14.371329307556153,"orthographic":false}